sale_id,product_id,quantity_sold,sale_amount,unit_price_at_sale,sale_date,channel,recorded_at
SALE-0001,PROD-012,2,6.58,3.29,2026-03-29,online,2026-03-29T14:22:00Z
SALE-0002,PROD-017,3,17.97,5.99,2026-03-29,in_store,2026-03-29T10:46:00Z
SALE-0003,PROD-004,2,35.98,17.99,2026-03-29,in_store,2026-03-29T20:11:00Z
SALE-0004,PROD-004,2,39.98,19.99,2026-03-29,in_store,2026-03-29T18:48:00Z
SALE-0005,PROD-012,5,16.45,3.29,2026-03-29,in_store,2026-03-29T12:18:00Z
SALE-0006,PROD-005,2,49.98,24.99,2026-03-29,in_store,2026-03-29T17:08:00Z
SALE-0007,PROD-006,1,8.99,8.99,2026-03-29,online,2026-03-29T20:08:00Z
SALE-0008,PROD-016,3,12.12,4.04,2026-03-29,in_store,2026-03-29T13:30:00Z
SALE-0009,PROD-012,3,9.87,3.29,2026-03-29,wholesale,2026-03-29T13:55:00Z
SALE-0010,PROD-012,1,3.29,3.29,2026-03-30,in_store,2026-03-30T10:36:00Z
SALE-0011,PROD-015,1,3.99,3.99,2026-03-30,online,2026-03-30T13:05:00Z
SALE-0012,PROD-005,1,24.99,24.99,2026-03-30,in_store,2026-03-30T18:50:00Z
SALE-0013,PROD-015,2,7.98,3.99,2026-03-30,in_store,2026-03-30T16:19:00Z
SALE-0014,PROD-015,3,11.97,3.99,2026-03-30,online,2026-03-30T18:47:00Z
SALE-0015,PROD-002,2,59.98,29.99,2026-03-30,in_store,2026-03-30T10:10:00Z
SALE-0016,PROD-005,1,24.99,24.99,2026-03-30,in_store,2026-03-30T15:28:00Z
SALE-0017,PROD-017,5,29.95,5.99,2026-03-31,in_store,2026-03-31T13:45:00Z
SALE-0018,PROD-006,3,24.27,8.09,2026-03-31,in_store,2026-03-31T13:50:00Z
SALE-0019,PROD-020,5,34.95,6.99,2026-03-31,wholesale,2026-03-31T15:07:00Z
SALE-0020,PROD-013,2,14.98,7.49,2026-03-31,wholesale,2026-03-31T11:04:00Z
SALE-0021,PROD-001,1,4.99,4.99,2026-03-31,online,2026-03-31T18:58:00Z
SALE-0022,PROD-006,3,26.97,8.99,2026-03-31,online,2026-03-31T20:25:00Z
SALE-0023,PROD-006,4,35.96,8.99,2026-04-01,in_store,2026-04-01T18:02:00Z
SALE-0024,PROD-011,2,4.98,2.49,2026-04-01,in_store,2026-04-01T12:43:00Z
SALE-0025,PROD-014,5,49.95,9.99,2026-04-01,wholesale,2026-04-01T19:52:00Z
SALE-0026,PROD-006,5,40.45,8.09,2026-04-01,online,2026-04-01T16:33:00Z
SALE-0027,PROD-016,3,13.47,4.49,2026-04-01,in_store,2026-04-01T18:27:00Z
SALE-0028,PROD-016,3,13.47,4.49,2026-04-01,in_store,2026-04-01T15:21:00Z
SALE-0029,PROD-008,1,13.99,13.99,2026-04-01,in_store,2026-04-01T20:31:00Z
SALE-0030,PROD-006,3,26.97,8.99,2026-04-01,online,2026-04-01T16:05:00Z
SALE-0031,PROD-007,2,31.98,15.99,2026-04-01,wholesale,2026-04-01T15:55:00Z
SALE-0032,PROD-012,1,3.29,3.29,2026-04-01,in_store,2026-04-01T15:03:00Z
SALE-0033,PROD-004,4,79.96,19.99,2026-04-02,online,2026-04-02T19:28:00Z
SALE-0034,PROD-019,1,5.49,5.49,2026-04-02,in_store,2026-04-02T13:28:00Z
SALE-0035,PROD-017,3,17.97,5.99,2026-04-02,wholesale,2026-04-02T18:51:00Z
SALE-0036,PROD-005,1,24.99,24.99,2026-04-02,in_store,2026-04-02T15:05:00Z
SALE-0037,PROD-005,1,24.99,24.99,2026-04-03,in_store,2026-04-03T11:31:00Z
SALE-0038,PROD-017,2,11.98,5.99,2026-04-03,in_store,2026-04-03T16:30:00Z
SALE-0039,PROD-005,3,74.97,24.99,2026-04-03,in_store,2026-04-03T18:32:00Z
SALE-0040,PROD-019,1,5.49,5.49,2026-04-03,in_store,2026-04-03T15:21:00Z
SALE-0041,PROD-020,4,27.96,6.99,2026-04-03,in_store,2026-04-03T20:19:00Z
SALE-0042,PROD-015,5,19.95,3.99,2026-04-03,in_store,2026-04-03T11:28:00Z
SALE-0043,PROD-012,3,9.87,3.29,2026-04-03,online,2026-04-03T17:24:00Z
SALE-0044,PROD-011,2,4.98,2.49,2026-04-03,wholesale,2026-04-03T12:36:00Z
SALE-0045,PROD-010,2,13.98,6.99,2026-04-04,in_store,2026-04-04T14:47:00Z
SALE-0046,PROD-011,3,7.47,2.49,2026-04-04,online,2026-04-04T19:09:00Z
SALE-0047,PROD-012,1,3.29,3.29,2026-04-04,wholesale,2026-04-04T14:55:00Z
SALE-0048,PROD-002,3,80.97,26.99,2026-04-04,wholesale,2026-04-04T09:46:00Z
SALE-0049,PROD-003,3,35.97,11.99,2026-04-04,wholesale,2026-04-04T10:30:00Z
SALE-0050,PROD-020,2,13.98,6.99,2026-04-04,online,2026-04-04T19:05:00Z
SALE-0051,PROD-008,4,55.96,13.99,2026-04-04,in_store,2026-04-04T20:56:00Z
SALE-0052,PROD-019,3,16.47,5.49,2026-04-04,in_store,2026-04-04T10:15:00Z
SALE-0053,PROD-015,2,7.98,3.99,2026-04-05,online,2026-04-05T15:06:00Z
SALE-0054,PROD-019,1,5.49,5.49,2026-04-05,online,2026-04-05T09:02:00Z
SALE-0055,PROD-008,1,13.99,13.99,2026-04-05,in_store,2026-04-05T11:15:00Z
SALE-0056,PROD-012,3,9.87,3.29,2026-04-05,online,2026-04-05T11:11:00Z
SALE-0057,PROD-002,5,149.95,29.99,2026-04-05,online,2026-04-05T12:31:00Z
SALE-0058,PROD-014,1,9.99,9.99,2026-04-05,online,2026-04-05T16:16:00Z
SALE-0059,PROD-016,1,4.49,4.49,2026-04-05,in_store,2026-04-05T13:43:00Z
SALE-0060,PROD-013,1,6.74,6.74,2026-04-05,wholesale,2026-04-05T18:19:00Z
SALE-0061,PROD-016,3,13.47,4.49,2026-04-05,in_store,2026-04-05T13:12:00Z
SALE-0062,PROD-010,3,18.87,6.29,2026-04-06,in_store,2026-04-06T14:36:00Z
SALE-0063,PROD-006,2,16.18,8.09,2026-04-06,online,2026-04-06T15:17:00Z
SALE-0064,PROD-001,5,24.95,4.99,2026-04-06,online,2026-04-06T09:58:00Z
SALE-0065,PROD-015,3,11.97,3.99,2026-04-06,wholesale,2026-04-06T12:38:00Z
SALE-0066,PROD-020,2,13.98,6.99,2026-04-06,in_store,2026-04-06T13:43:00Z
SALE-0067,PROD-019,1,5.49,5.49,2026-04-06,wholesale,2026-04-06T19:02:00Z
SALE-0068,PROD-007,3,43.17,14.39,2026-04-06,in_store,2026-04-06T11:05:00Z
SALE-0069,PROD-006,2,17.98,8.99,2026-04-06,in_store,2026-04-06T11:50:00Z
SALE-0070,PROD-013,2,14.98,7.49,2026-04-06,wholesale,2026-04-06T11:16:00Z
SALE-0071,PROD-012,2,6.58,3.29,2026-04-06,in_store,2026-04-06T10:29:00Z
SALE-0072,PROD-002,1,29.99,29.99,2026-04-06,in_store,2026-04-06T19:46:00Z
SALE-0073,PROD-016,3,13.47,4.49,2026-04-06,online,2026-04-06T14:05:00Z
SALE-0074,PROD-020,3,18.87,6.29,2026-04-07,in_store,2026-04-07T16:23:00Z
SALE-0075,PROD-016,2,8.98,4.49,2026-04-07,online,2026-04-07T14:06:00Z
SALE-0076,PROD-016,2,8.98,4.49,2026-04-07,online,2026-04-07T17:20:00Z
SALE-0077,PROD-015,2,7.98,3.99,2026-04-07,online,2026-04-07T16:58:00Z
SALE-0078,PROD-017,2,11.98,5.99,2026-04-07,in_store,2026-04-07T09:02:00Z
SALE-0079,PROD-007,3,43.17,14.39,2026-04-07,in_store,2026-04-07T17:08:00Z
SALE-0080,PROD-010,3,20.97,6.99,2026-04-07,wholesale,2026-04-07T20:34:00Z
SALE-0081,PROD-011,5,12.45,2.49,2026-04-07,in_store,2026-04-07T15:41:00Z
SALE-0082,PROD-002,3,89.97,29.99,2026-04-07,wholesale,2026-04-07T13:02:00Z
SALE-0083,PROD-017,2,11.98,5.99,2026-04-08,in_store,2026-04-08T12:54:00Z
SALE-0084,PROD-009,1,12.49,12.49,2026-04-08,in_store,2026-04-08T19:22:00Z
SALE-0085,PROD-001,3,14.97,4.99,2026-04-08,wholesale,2026-04-08T16:05:00Z
SALE-0086,PROD-016,2,8.98,4.49,2026-04-08,online,2026-04-08T09:03:00Z
SALE-0087,PROD-020,2,13.98,6.99,2026-04-08,in_store,2026-04-08T18:13:00Z
SALE-0088,PROD-001,4,19.96,4.99,2026-04-08,in_store,2026-04-08T12:21:00Z
SALE-0089,PROD-020,1,6.99,6.99,2026-04-08,online,2026-04-08T13:54:00Z
SALE-0090,PROD-003,1,11.99,11.99,2026-04-08,online,2026-04-08T10:42:00Z
SALE-0091,PROD-001,1,4.49,4.49,2026-04-08,online,2026-04-08T12:37:00Z
SALE-0092,PROD-008,1,13.99,13.99,2026-04-09,in_store,2026-04-09T20:26:00Z
SALE-0093,PROD-012,1,3.29,3.29,2026-04-09,in_store,2026-04-09T14:32:00Z
SALE-0094,PROD-015,1,3.99,3.99,2026-04-09,in_store,2026-04-09T18:02:00Z
SALE-0095,PROD-019,4,21.96,5.49,2026-04-09,online,2026-04-09T09:03:00Z
SALE-0096,PROD-012,3,9.87,3.29,2026-04-09,in_store,2026-04-09T20:58:00Z
SALE-0097,PROD-011,1,2.49,2.49,2026-04-09,in_store,2026-04-09T11:04:00Z
SALE-0098,PROD-003,2,23.98,11.99,2026-04-10,online,2026-04-10T20:20:00Z
SALE-0099,PROD-010,5,34.95,6.99,2026-04-10,in_store,2026-04-10T18:27:00Z
SALE-0100,PROD-002,1,29.99,29.99,2026-04-10,online,2026-04-10T17:46:00Z
SALE-0101,PROD-004,3,59.97,19.99,2026-04-10,in_store,2026-04-10T14:52:00Z
SALE-0102,PROD-011,3,7.47,2.49,2026-04-10,in_store,2026-04-10T15:20:00Z
SALE-0103,PROD-016,2,8.98,4.49,2026-04-11,in_store,2026-04-11T16:04:00Z
SALE-0104,PROD-002,1,26.99,26.99,2026-04-11,in_store,2026-04-11T20:23:00Z
SALE-0105,PROD-020,1,6.99,6.99,2026-04-11,online,2026-04-11T17:35:00Z
SALE-0106,PROD-008,1,13.99,13.99,2026-04-11,online,2026-04-11T15:55:00Z
SALE-0107,PROD-018,1,8.99,8.99,2026-04-11,online,2026-04-11T14:06:00Z
SALE-0108,PROD-014,4,39.96,9.99,2026-04-11,online,2026-04-11T12:54:00Z
SALE-0109,PROD-002,2,59.98,29.99,2026-04-11,in_store,2026-04-11T13:36:00Z
SALE-0110,PROD-005,3,74.97,24.99,2026-04-11,wholesale,2026-04-11T18:39:00Z
SALE-0111,PROD-016,4,16.16,4.04,2026-04-11,wholesale,2026-04-11T20:17:00Z
SALE-0112,PROD-001,1,4.99,4.99,2026-04-11,online,2026-04-11T14:22:00Z
SALE-0113,PROD-001,1,4.99,4.99,2026-04-11,online,2026-04-11T15:04:00Z
SALE-0114,PROD-003,1,10.79,10.79,2026-04-12,in_store,2026-04-12T15:26:00Z
SALE-0115,PROD-011,2,4.98,2.49,2026-04-12,in_store,2026-04-12T14:49:00Z
SALE-0116,PROD-014,5,44.95,8.99,2026-04-12,in_store,2026-04-12T11:48:00Z
SALE-0117,PROD-015,1,3.99,3.99,2026-04-12,in_store,2026-04-12T19:27:00Z
SALE-0118,PROD-012,5,16.45,3.29,2026-04-12,in_store,2026-04-12T17:07:00Z
SALE-0119,PROD-008,3,37.77,12.59,2026-04-12,online,2026-04-12T18:31:00Z
SALE-0120,PROD-012,2,5.92,2.96,2026-04-12,in_store,2026-04-12T18:03:00Z
SALE-0121,PROD-001,2,9.98,4.99,2026-04-12,in_store,2026-04-12T11:48:00Z
SALE-0122,PROD-006,2,17.98,8.99,2026-04-12,in_store,2026-04-12T20:27:00Z
SALE-0123,PROD-003,1,11.99,11.99,2026-04-12,online,2026-04-12T17:35:00Z
SALE-0124,PROD-016,2,8.08,4.04,2026-04-13,online,2026-04-13T09:27:00Z
SALE-0125,PROD-001,3,14.97,4.99,2026-04-13,online,2026-04-13T18:27:00Z
SALE-0126,PROD-014,3,29.97,9.99,2026-04-13,in_store,2026-04-13T10:25:00Z
SALE-0127,PROD-001,2,9.98,4.99,2026-04-13,wholesale,2026-04-13T16:53:00Z
SALE-0128,PROD-017,2,10.78,5.39,2026-04-13,online,2026-04-13T12:27:00Z
SALE-0129,PROD-015,3,11.97,3.99,2026-04-14,in_store,2026-04-14T13:47:00Z
SALE-0130,PROD-008,2,27.98,13.99,2026-04-14,in_store,2026-04-14T17:40:00Z
SALE-0131,PROD-002,4,119.96,29.99,2026-04-14,wholesale,2026-04-14T14:22:00Z
SALE-0132,PROD-019,1,5.49,5.49,2026-04-14,in_store,2026-04-14T12:11:00Z
SALE-0133,PROD-015,1,3.99,3.99,2026-04-14,online,2026-04-14T11:49:00Z
SALE-0134,PROD-015,3,11.97,3.99,2026-04-14,online,2026-04-14T18:28:00Z
SALE-0135,PROD-016,5,22.45,4.49,2026-04-14,wholesale,2026-04-14T14:55:00Z
SALE-0136,PROD-015,2,7.98,3.99,2026-04-14,in_store,2026-04-14T16:40:00Z
SALE-0137,PROD-007,2,31.98,15.99,2026-04-14,in_store,2026-04-14T10:19:00Z
SALE-0138,PROD-011,3,6.72,2.24,2026-04-14,in_store,2026-04-14T13:04:00Z
SALE-0139,PROD-016,1,4.49,4.49,2026-04-15,in_store,2026-04-15T16:37:00Z
SALE-0140,PROD-013,1,7.49,7.49,2026-04-15,online,2026-04-15T19:12:00Z
SALE-0141,PROD-008,5,69.95,13.99,2026-04-15,in_store,2026-04-15T09:28:00Z
SALE-0142,PROD-002,2,59.98,29.99,2026-04-15,in_store,2026-04-15T19:11:00Z
SALE-0143,PROD-001,2,9.98,4.99,2026-04-15,wholesale,2026-04-15T17:33:00Z
SALE-0144,PROD-015,1,3.99,3.99,2026-04-15,wholesale,2026-04-15T15:26:00Z
SALE-0145,PROD-020,2,13.98,6.99,2026-04-16,in_store,2026-04-16T19:41:00Z
SALE-0146,PROD-008,1,13.99,13.99,2026-04-16,online,2026-04-16T15:18:00Z
SALE-0147,PROD-006,5,44.95,8.99,2026-04-16,in_store,2026-04-16T18:42:00Z
SALE-0148,PROD-003,2,23.98,11.99,2026-04-17,online,2026-04-17T19:25:00Z
SALE-0149,PROD-003,5,59.95,11.99,2026-04-17,in_store,2026-04-17T17:24:00Z
SALE-0150,PROD-016,2,8.98,4.49,2026-04-17,online,2026-04-17T20:43:00Z
SALE-0151,PROD-012,1,3.29,3.29,2026-04-17,in_store,2026-04-17T14:01:00Z
SALE-0152,PROD-009,2,24.98,12.49,2026-04-17,in_store,2026-04-17T16:12:00Z
SALE-0153,PROD-005,1,24.99,24.99,2026-04-17,in_store,2026-04-17T10:32:00Z
SALE-0154,PROD-019,4,21.96,5.49,2026-04-17,online,2026-04-17T09:42:00Z
SALE-0155,PROD-008,5,69.95,13.99,2026-04-17,in_store,2026-04-17T11:11:00Z
SALE-0156,PROD-017,5,29.95,5.99,2026-04-17,in_store,2026-04-17T16:02:00Z
SALE-0157,PROD-010,2,13.98,6.99,2026-04-17,in_store,2026-04-17T16:39:00Z
SALE-0158,PROD-006,3,26.97,8.99,2026-04-18,in_store,2026-04-18T16:57:00Z
SALE-0159,PROD-004,2,39.98,19.99,2026-04-18,online,2026-04-18T16:29:00Z
SALE-0160,PROD-019,2,10.98,5.49,2026-04-18,in_store,2026-04-18T15:10:00Z
SALE-0161,PROD-004,5,99.95,19.99,2026-04-18,in_store,2026-04-18T19:30:00Z
SALE-0162,PROD-009,4,49.96,12.49,2026-04-18,online,2026-04-18T17:54:00Z
SALE-0163,PROD-003,2,21.58,10.79,2026-04-18,in_store,2026-04-18T16:57:00Z
SALE-0164,PROD-012,1,3.29,3.29,2026-04-18,in_store,2026-04-18T12:52:00Z
SALE-0165,PROD-011,2,4.98,2.49,2026-04-18,in_store,2026-04-18T15:32:00Z
SALE-0166,PROD-009,2,24.98,12.49,2026-04-18,in_store,2026-04-18T12:01:00Z
SALE-0167,PROD-007,1,15.99,15.99,2026-04-18,online,2026-04-18T11:08:00Z
SALE-0168,PROD-001,2,9.98,4.99,2026-04-19,in_store,2026-04-19T11:48:00Z
SALE-0169,PROD-017,3,17.97,5.99,2026-04-19,in_store,2026-04-19T10:01:00Z
SALE-0170,PROD-006,2,17.98,8.99,2026-04-19,in_store,2026-04-19T20:38:00Z
SALE-0171,PROD-012,3,8.88,2.96,2026-04-19,in_store,2026-04-19T13:07:00Z
SALE-0172,PROD-001,2,9.98,4.99,2026-04-19,online,2026-04-19T16:04:00Z
SALE-0173,PROD-002,3,89.97,29.99,2026-04-19,in_store,2026-04-19T17:36:00Z
SALE-0174,PROD-005,1,24.99,24.99,2026-04-20,in_store,2026-04-20T14:15:00Z
SALE-0175,PROD-014,3,29.97,9.99,2026-04-20,online,2026-04-20T17:23:00Z
SALE-0176,PROD-001,4,19.96,4.99,2026-04-20,online,2026-04-20T17:35:00Z
SALE-0177,PROD-001,3,14.97,4.99,2026-04-20,in_store,2026-04-20T15:23:00Z
SALE-0178,PROD-006,1,8.99,8.99,2026-04-20,in_store,2026-04-20T12:46:00Z
SALE-0179,PROD-016,1,4.49,4.49,2026-04-20,online,2026-04-20T14:08:00Z
SALE-0180,PROD-001,2,9.98,4.99,2026-04-20,online,2026-04-20T11:53:00Z
SALE-0181,PROD-020,3,20.97,6.99,2026-04-21,in_store,2026-04-21T11:51:00Z
SALE-0182,PROD-003,1,11.99,11.99,2026-04-21,wholesale,2026-04-21T09:18:00Z
SALE-0183,PROD-004,1,19.99,19.99,2026-04-21,online,2026-04-21T14:59:00Z
SALE-0184,PROD-007,4,63.96,15.99,2026-04-21,online,2026-04-21T16:16:00Z
SALE-0185,PROD-001,2,9.98,4.99,2026-04-22,online,2026-04-22T09:55:00Z
SALE-0186,PROD-016,2,8.98,4.49,2026-04-22,online,2026-04-22T15:56:00Z
SALE-0187,PROD-010,3,20.97,6.99,2026-04-22,in_store,2026-04-22T11:31:00Z
SALE-0188,PROD-017,3,17.97,5.99,2026-04-22,online,2026-04-22T13:51:00Z
SALE-0189,PROD-002,3,80.97,26.99,2026-04-22,online,2026-04-22T11:34:00Z
SALE-0190,PROD-006,2,16.18,8.09,2026-04-22,in_store,2026-04-22T13:19:00Z
SALE-0191,PROD-011,5,12.45,2.49,2026-04-22,in_store,2026-04-22T16:22:00Z
SALE-0192,PROD-011,1,2.49,2.49,2026-04-22,wholesale,2026-04-22T18:27:00Z
SALE-0193,PROD-006,1,8.09,8.09,2026-04-22,online,2026-04-22T14:32:00Z
SALE-0194,PROD-020,1,6.99,6.99,2026-04-23,in_store,2026-04-23T18:43:00Z
SALE-0195,PROD-020,3,18.87,6.29,2026-04-23,in_store,2026-04-23T19:23:00Z
SALE-0196,PROD-009,3,37.47,12.49,2026-04-23,in_store,2026-04-23T11:43:00Z
SALE-0197,PROD-011,2,4.98,2.49,2026-04-23,online,2026-04-23T18:08:00Z
SALE-0198,PROD-012,2,6.58,3.29,2026-04-23,online,2026-04-23T12:07:00Z
SALE-0199,PROD-001,1,4.99,4.99,2026-04-23,in_store,2026-04-23T17:07:00Z
SALE-0200,PROD-006,2,17.98,8.99,2026-04-23,in_store,2026-04-23T18:18:00Z
SALE-0201,PROD-017,3,17.97,5.99,2026-04-24,in_store,2026-04-24T10:28:00Z
SALE-0202,PROD-003,3,35.97,11.99,2026-04-24,online,2026-04-24T14:42:00Z
SALE-0203,PROD-008,1,13.99,13.99,2026-04-24,in_store,2026-04-24T13:54:00Z
SALE-0204,PROD-003,1,11.99,11.99,2026-04-24,in_store,2026-04-24T10:12:00Z
SALE-0205,PROD-020,1,6.99,6.99,2026-04-24,in_store,2026-04-24T14:35:00Z
SALE-0206,PROD-014,2,19.98,9.99,2026-04-24,wholesale,2026-04-24T11:39:00Z
SALE-0207,PROD-002,1,29.99,29.99,2026-04-25,wholesale,2026-04-25T20:30:00Z
SALE-0208,PROD-012,3,9.87,3.29,2026-04-25,online,2026-04-25T10:08:00Z
SALE-0209,PROD-007,1,15.99,15.99,2026-04-25,online,2026-04-25T14:08:00Z
SALE-0210,PROD-020,4,27.96,6.99,2026-04-25,in_store,2026-04-25T11:27:00Z
SALE-0211,PROD-012,1,3.29,3.29,2026-04-25,in_store,2026-04-25T13:10:00Z
SALE-0212,PROD-003,2,23.98,11.99,2026-04-25,in_store,2026-04-25T17:57:00Z
SALE-0213,PROD-006,1,8.99,8.99,2026-04-25,online,2026-04-25T17:17:00Z
SALE-0214,PROD-003,2,23.98,11.99,2026-04-25,in_store,2026-04-25T19:10:00Z
SALE-0215,PROD-015,5,19.95,3.99,2026-04-25,online,2026-04-25T20:57:00Z
SALE-0216,PROD-015,2,7.98,3.99,2026-04-25,online,2026-04-25T09:05:00Z
SALE-0217,PROD-001,5,24.95,4.99,2026-04-26,in_store,2026-04-26T18:26:00Z
SALE-0218,PROD-015,1,3.99,3.99,2026-04-26,online,2026-04-26T13:41:00Z
SALE-0219,PROD-007,3,47.97,15.99,2026-04-26,online,2026-04-26T15:19:00Z
SALE-0220,PROD-011,1,2.49,2.49,2026-04-26,in_store,2026-04-26T15:30:00Z
SALE-0221,PROD-011,2,4.98,2.49,2026-04-26,in_store,2026-04-26T20:20:00Z
SALE-0222,PROD-019,2,10.98,5.49,2026-04-26,in_store,2026-04-26T14:32:00Z
SALE-0223,PROD-013,1,7.49,7.49,2026-04-26,in_store,2026-04-26T13:28:00Z
SALE-0224,PROD-005,1,22.49,22.49,2026-04-26,in_store,2026-04-26T15:55:00Z
SALE-0225,PROD-015,3,11.97,3.99,2026-04-26,online,2026-04-26T11:52:00Z
SALE-0226,PROD-008,5,69.95,13.99,2026-04-26,in_store,2026-04-26T11:31:00Z
SALE-0227,PROD-012,3,9.87,3.29,2026-04-27,in_store,2026-04-27T09:05:00Z
SALE-0228,PROD-010,4,27.96,6.99,2026-04-27,in_store,2026-04-27T18:22:00Z
SALE-0229,PROD-001,1,4.99,4.99,2026-04-27,online,2026-04-27T19:43:00Z
SALE-0230,PROD-011,2,4.98,2.49,2026-04-27,online,2026-04-27T15:08:00Z
SALE-0231,PROD-006,2,17.98,8.99,2026-04-28,in_store,2026-04-28T15:03:00Z
SALE-0232,PROD-014,4,39.96,9.99,2026-04-28,online,2026-04-28T10:24:00Z
SALE-0233,PROD-012,3,9.87,3.29,2026-04-28,in_store,2026-04-28T18:43:00Z
SALE-0234,PROD-015,1,3.99,3.99,2026-04-28,in_store,2026-04-28T14:50:00Z
SALE-0235,PROD-008,4,55.96,13.99,2026-04-28,online,2026-04-28T12:38:00Z
SALE-0236,PROD-012,3,9.87,3.29,2026-04-28,in_store,2026-04-28T11:45:00Z
SALE-0237,PROD-008,3,41.97,13.99,2026-04-28,in_store,2026-04-28T17:08:00Z
SALE-0238,PROD-008,5,69.95,13.99,2026-04-28,in_store,2026-04-28T18:47:00Z
SALE-0239,PROD-007,5,79.95,15.99,2026-04-28,online,2026-04-28T17:31:00Z
SALE-0240,PROD-017,5,29.95,5.99,2026-04-28,online,2026-04-28T14:21:00Z
SALE-0241,PROD-016,1,4.49,4.49,2026-04-28,online,2026-04-28T20:55:00Z
SALE-0242,PROD-017,1,5.99,5.99,2026-04-28,in_store,2026-04-28T19:50:00Z
SALE-0243,PROD-020,5,34.95,6.99,2026-04-28,online,2026-04-28T18:30:00Z
SALE-0244,PROD-003,4,47.96,11.99,2026-04-29,online,2026-04-29T15:09:00Z
SALE-0245,PROD-016,2,8.08,4.04,2026-04-29,wholesale,2026-04-29T10:12:00Z
SALE-0246,PROD-001,3,14.97,4.99,2026-04-29,in_store,2026-04-29T20:13:00Z
SALE-0247,PROD-010,4,27.96,6.99,2026-04-29,wholesale,2026-04-29T20:46:00Z
SALE-0248,PROD-001,1,4.99,4.99,2026-04-29,online,2026-04-29T19:30:00Z
SALE-0249,PROD-012,3,9.87,3.29,2026-04-29,in_store,2026-04-29T17:21:00Z
SALE-0250,PROD-013,2,14.98,7.49,2026-04-29,online,2026-04-29T19:41:00Z
SALE-0251,PROD-020,2,13.98,6.99,2026-04-29,in_store,2026-04-29T12:17:00Z
SALE-0252,PROD-013,2,14.98,7.49,2026-04-29,wholesale,2026-04-29T13:49:00Z
SALE-0253,PROD-006,2,17.98,8.99,2026-04-29,in_store,2026-04-29T16:22:00Z
SALE-0254,PROD-013,2,14.98,7.49,2026-04-29,online,2026-04-29T17:24:00Z
SALE-0255,PROD-010,2,13.98,6.99,2026-04-29,online,2026-04-29T13:02:00Z
SALE-0256,PROD-006,1,8.99,8.99,2026-04-29,in_store,2026-04-29T13:47:00Z
SALE-0257,PROD-012,2,6.58,3.29,2026-04-29,in_store,2026-04-29T17:44:00Z
SALE-0258,PROD-006,1,8.09,8.09,2026-04-29,online,2026-04-29T12:15:00Z
SALE-0259,PROD-001,4,19.96,4.99,2026-04-29,in_store,2026-04-29T10:26:00Z
SALE-0260,PROD-008,3,37.77,12.59,2026-04-29,online,2026-04-29T09:35:00Z
SALE-0261,PROD-003,3,35.97,11.99,2026-04-30,online,2026-04-30T16:30:00Z
SALE-0262,PROD-016,2,8.98,4.49,2026-04-30,in_store,2026-04-30T13:41:00Z
SALE-0263,PROD-001,1,4.99,4.99,2026-04-30,in_store,2026-04-30T20:46:00Z
SALE-0264,PROD-001,1,4.99,4.99,2026-04-30,online,2026-04-30T09:53:00Z
SALE-0265,PROD-010,3,20.97,6.99,2026-04-30,online,2026-04-30T13:56:00Z
SALE-0266,PROD-001,1,4.99,4.99,2026-05-01,online,2026-05-01T14:18:00Z
SALE-0267,PROD-011,4,9.96,2.49,2026-05-01,online,2026-05-01T11:54:00Z
SALE-0268,PROD-012,3,9.87,3.29,2026-05-01,online,2026-05-01T14:10:00Z
SALE-0269,PROD-019,3,16.47,5.49,2026-05-01,online,2026-05-01T09:47:00Z
SALE-0270,PROD-008,2,27.98,13.99,2026-05-01,online,2026-05-01T11:39:00Z
SALE-0271,PROD-016,3,13.47,4.49,2026-05-01,in_store,2026-05-01T10:25:00Z
SALE-0272,PROD-016,1,4.49,4.49,2026-05-01,in_store,2026-05-01T14:59:00Z
SALE-0273,PROD-005,1,24.99,24.99,2026-05-01,in_store,2026-05-01T13:21:00Z
SALE-0274,PROD-007,5,79.95,15.99,2026-05-01,in_store,2026-05-01T19:23:00Z
SALE-0275,PROD-017,2,10.78,5.39,2026-05-01,in_store,2026-05-01T13:10:00Z
SALE-0276,PROD-010,4,27.96,6.99,2026-05-01,online,2026-05-01T13:44:00Z
SALE-0277,PROD-003,2,23.98,11.99,2026-05-01,in_store,2026-05-01T11:30:00Z
SALE-0278,PROD-003,3,35.97,11.99,2026-05-01,online,2026-05-01T15:44:00Z
SALE-0279,PROD-013,3,22.47,7.49,2026-05-01,online,2026-05-01T12:48:00Z
SALE-0280,PROD-005,5,124.95,24.99,2026-05-02,in_store,2026-05-02T16:33:00Z
SALE-0281,PROD-017,2,10.78,5.39,2026-05-02,online,2026-05-02T09:53:00Z
SALE-0282,PROD-013,4,29.96,7.49,2026-05-02,in_store,2026-05-02T11:20:00Z
SALE-0283,PROD-012,3,8.88,2.96,2026-05-02,in_store,2026-05-02T18:31:00Z
SALE-0284,PROD-002,4,119.96,29.99,2026-05-02,in_store,2026-05-02T11:32:00Z
SALE-0285,PROD-011,3,7.47,2.49,2026-05-02,online,2026-05-02T19:51:00Z
SALE-0286,PROD-007,1,15.99,15.99,2026-05-02,online,2026-05-02T20:13:00Z
SALE-0287,PROD-014,1,8.99,8.99,2026-05-03,in_store,2026-05-03T10:34:00Z
SALE-0288,PROD-001,1,4.99,4.99,2026-05-03,in_store,2026-05-03T13:26:00Z
SALE-0289,PROD-004,1,19.99,19.99,2026-05-03,wholesale,2026-05-03T19:26:00Z
SALE-0290,PROD-009,3,37.47,12.49,2026-05-03,wholesale,2026-05-03T15:24:00Z
SALE-0291,PROD-002,4,119.96,29.99,2026-05-03,online,2026-05-03T10:11:00Z
SALE-0292,PROD-012,3,9.87,3.29,2026-05-03,online,2026-05-03T12:53:00Z
SALE-0293,PROD-001,1,4.99,4.99,2026-05-03,in_store,2026-05-03T20:34:00Z
SALE-0294,PROD-011,4,9.96,2.49,2026-05-03,in_store,2026-05-03T16:22:00Z
SALE-0295,PROD-003,2,23.98,11.99,2026-05-03,online,2026-05-03T10:02:00Z
SALE-0296,PROD-020,3,20.97,6.99,2026-05-03,wholesale,2026-05-03T09:15:00Z
SALE-0297,PROD-004,1,17.99,17.99,2026-05-03,in_store,2026-05-03T18:43:00Z
SALE-0298,PROD-017,1,5.99,5.99,2026-05-04,in_store,2026-05-04T16:14:00Z
SALE-0299,PROD-013,2,14.98,7.49,2026-05-04,online,2026-05-04T11:32:00Z
SALE-0300,PROD-006,2,17.98,8.99,2026-05-04,online,2026-05-04T14:36:00Z
SALE-0301,PROD-015,2,7.98,3.99,2026-05-04,online,2026-05-04T19:33:00Z
SALE-0302,PROD-005,3,74.97,24.99,2026-05-04,in_store,2026-05-04T18:56:00Z
SALE-0303,PROD-019,1,5.49,5.49,2026-05-04,in_store,2026-05-04T16:03:00Z
SALE-0304,PROD-008,3,41.97,13.99,2026-05-05,in_store,2026-05-05T15:26:00Z
SALE-0305,PROD-003,2,23.98,11.99,2026-05-05,online,2026-05-05T16:15:00Z
SALE-0306,PROD-005,2,49.98,24.99,2026-05-05,in_store,2026-05-05T16:58:00Z
SALE-0307,PROD-001,4,19.96,4.99,2026-05-05,in_store,2026-05-05T17:08:00Z
SALE-0308,PROD-010,2,13.98,6.99,2026-05-06,in_store,2026-05-06T10:59:00Z
SALE-0309,PROD-011,2,4.48,2.24,2026-05-06,online,2026-05-06T12:03:00Z
SALE-0310,PROD-006,3,26.97,8.99,2026-05-06,online,2026-05-06T10:12:00Z
SALE-0311,PROD-020,5,34.95,6.99,2026-05-06,online,2026-05-06T16:13:00Z
SALE-0312,PROD-008,2,27.98,13.99,2026-05-06,in_store,2026-05-06T12:47:00Z
SALE-0313,PROD-003,3,35.97,11.99,2026-05-06,online,2026-05-06T20:13:00Z
SALE-0314,PROD-010,2,13.98,6.99,2026-05-06,online,2026-05-06T15:29:00Z
SALE-0315,PROD-012,2,6.58,3.29,2026-05-06,in_store,2026-05-06T16:29:00Z
SALE-0316,PROD-002,3,89.97,29.99,2026-05-06,in_store,2026-05-06T12:23:00Z
SALE-0317,PROD-007,3,43.17,14.39,2026-05-07,online,2026-05-07T20:09:00Z
SALE-0318,PROD-001,2,9.98,4.99,2026-05-07,online,2026-05-07T20:26:00Z
SALE-0319,PROD-006,1,8.99,8.99,2026-05-07,in_store,2026-05-07T18:53:00Z
SALE-0320,PROD-005,3,74.97,24.99,2026-05-07,wholesale,2026-05-07T14:16:00Z
SALE-0321,PROD-019,3,16.47,5.49,2026-05-07,online,2026-05-07T16:29:00Z
SALE-0322,PROD-003,2,23.98,11.99,2026-05-07,online,2026-05-07T16:11:00Z
SALE-0323,PROD-013,1,7.49,7.49,2026-05-07,online,2026-05-07T10:52:00Z
SALE-0324,PROD-016,1,4.49,4.49,2026-05-07,in_store,2026-05-07T19:14:00Z
SALE-0325,PROD-001,1,4.49,4.49,2026-05-07,in_store,2026-05-07T14:03:00Z
SALE-0326,PROD-015,5,19.95,3.99,2026-05-08,online,2026-05-08T09:00:00Z
SALE-0327,PROD-012,4,13.16,3.29,2026-05-08,in_store,2026-05-08T20:17:00Z
SALE-0328,PROD-012,2,5.92,2.96,2026-05-08,online,2026-05-08T19:27:00Z
SALE-0329,PROD-020,1,6.29,6.29,2026-05-08,in_store,2026-05-08T11:15:00Z
SALE-0330,PROD-004,5,99.95,19.99,2026-05-08,online,2026-05-08T13:50:00Z
SALE-0331,PROD-010,1,6.99,6.99,2026-05-08,in_store,2026-05-08T18:15:00Z
SALE-0332,PROD-017,2,11.98,5.99,2026-05-08,online,2026-05-08T10:41:00Z
SALE-0333,PROD-016,1,4.04,4.04,2026-05-08,in_store,2026-05-08T17:30:00Z
SALE-0334,PROD-001,1,4.99,4.99,2026-05-09,in_store,2026-05-09T15:41:00Z
SALE-0335,PROD-020,2,13.98,6.99,2026-05-09,online,2026-05-09T10:57:00Z
SALE-0336,PROD-012,1,3.29,3.29,2026-05-09,wholesale,2026-05-09T20:56:00Z
SALE-0337,PROD-014,3,29.97,9.99,2026-05-09,wholesale,2026-05-09T19:59:00Z
SALE-0338,PROD-006,4,35.96,8.99,2026-05-09,in_store,2026-05-09T14:01:00Z
SALE-0339,PROD-004,5,99.95,19.99,2026-05-09,online,2026-05-09T15:59:00Z
SALE-0340,PROD-002,2,59.98,29.99,2026-05-09,in_store,2026-05-09T15:43:00Z
SALE-0341,PROD-013,2,14.98,7.49,2026-05-10,online,2026-05-10T20:46:00Z
SALE-0342,PROD-002,4,119.96,29.99,2026-05-10,in_store,2026-05-10T10:27:00Z
SALE-0343,PROD-005,1,24.99,24.99,2026-05-10,online,2026-05-10T18:25:00Z
SALE-0344,PROD-020,2,12.58,6.29,2026-05-10,in_store,2026-05-10T16:31:00Z
SALE-0345,PROD-005,2,49.98,24.99,2026-05-10,in_store,2026-05-10T11:43:00Z
SALE-0346,PROD-014,3,26.97,8.99,2026-05-10,online,2026-05-10T12:45:00Z
SALE-0347,PROD-002,1,29.99,29.99,2026-05-10,in_store,2026-05-10T19:09:00Z
SALE-0348,PROD-019,3,16.47,5.49,2026-05-10,in_store,2026-05-10T09:19:00Z
SALE-0349,PROD-011,2,4.98,2.49,2026-05-10,in_store,2026-05-10T10:11:00Z
SALE-0350,PROD-011,3,7.47,2.49,2026-05-11,in_store,2026-05-11T10:01:00Z
SALE-0351,PROD-002,2,59.98,29.99,2026-05-11,online,2026-05-11T14:55:00Z
SALE-0352,PROD-010,1,6.99,6.99,2026-05-11,in_store,2026-05-11T10:46:00Z
SALE-0353,PROD-013,2,14.98,7.49,2026-05-11,in_store,2026-05-11T15:10:00Z
SALE-0354,PROD-003,2,23.98,11.99,2026-05-11,in_store,2026-05-11T10:10:00Z
SALE-0355,PROD-011,2,4.98,2.49,2026-05-11,in_store,2026-05-11T10:23:00Z
SALE-0356,PROD-006,2,17.98,8.99,2026-05-11,in_store,2026-05-11T18:12:00Z
SALE-0357,PROD-011,1,2.49,2.49,2026-05-11,in_store,2026-05-11T15:21:00Z
SALE-0358,PROD-015,3,11.97,3.99,2026-05-11,in_store,2026-05-11T14:27:00Z
SALE-0359,PROD-016,5,22.45,4.49,2026-05-12,in_store,2026-05-12T20:12:00Z
SALE-0360,PROD-012,2,6.58,3.29,2026-05-12,in_store,2026-05-12T14:18:00Z
SALE-0361,PROD-019,3,16.47,5.49,2026-05-12,online,2026-05-12T14:24:00Z
SALE-0362,PROD-006,3,26.97,8.99,2026-05-12,wholesale,2026-05-12T12:37:00Z
SALE-0363,PROD-013,1,7.49,7.49,2026-05-12,online,2026-05-12T20:29:00Z
SALE-0364,PROD-017,2,11.98,5.99,2026-05-12,in_store,2026-05-12T20:04:00Z
SALE-0365,PROD-020,3,20.97,6.99,2026-05-13,in_store,2026-05-13T13:15:00Z
SALE-0366,PROD-006,1,8.99,8.99,2026-05-13,online,2026-05-13T10:28:00Z
SALE-0367,PROD-015,3,11.97,3.99,2026-05-13,in_store,2026-05-13T20:26:00Z
SALE-0368,PROD-013,1,7.49,7.49,2026-05-13,in_store,2026-05-13T17:38:00Z
SALE-0369,PROD-016,1,4.04,4.04,2026-05-13,in_store,2026-05-13T19:22:00Z
SALE-0370,PROD-003,5,53.95,10.79,2026-05-14,wholesale,2026-05-14T19:41:00Z
SALE-0371,PROD-010,2,13.98,6.99,2026-05-14,in_store,2026-05-14T09:06:00Z
SALE-0372,PROD-006,2,17.98,8.99,2026-05-14,in_store,2026-05-14T18:44:00Z
SALE-0373,PROD-014,2,19.98,9.99,2026-05-14,in_store,2026-05-14T19:37:00Z
SALE-0374,PROD-017,4,23.96,5.99,2026-05-15,wholesale,2026-05-15T16:06:00Z
SALE-0375,PROD-006,3,26.97,8.99,2026-05-15,in_store,2026-05-15T20:09:00Z
SALE-0376,PROD-008,2,27.98,13.99,2026-05-15,online,2026-05-15T17:30:00Z
SALE-0377,PROD-008,3,37.77,12.59,2026-05-15,online,2026-05-15T16:20:00Z
SALE-0378,PROD-001,2,8.98,4.49,2026-05-15,online,2026-05-15T09:54:00Z
SALE-0379,PROD-008,1,13.99,13.99,2026-05-15,in_store,2026-05-15T20:15:00Z
SALE-0380,PROD-012,1,3.29,3.29,2026-05-15,in_store,2026-05-15T15:29:00Z
SALE-0381,PROD-005,3,74.97,24.99,2026-05-16,in_store,2026-05-16T19:27:00Z
SALE-0382,PROD-010,1,6.99,6.99,2026-05-16,online,2026-05-16T16:37:00Z
SALE-0383,PROD-011,3,6.72,2.24,2026-05-16,in_store,2026-05-16T13:48:00Z
SALE-0384,PROD-017,1,5.99,5.99,2026-05-16,online,2026-05-16T17:11:00Z
SALE-0385,PROD-009,2,24.98,12.49,2026-05-16,in_store,2026-05-16T19:55:00Z
SALE-0386,PROD-012,4,13.16,3.29,2026-05-16,in_store,2026-05-16T15:39:00Z
SALE-0387,PROD-010,5,31.45,6.29,2026-05-16,in_store,2026-05-16T16:39:00Z
SALE-0388,PROD-003,2,23.98,11.99,2026-05-16,online,2026-05-16T19:08:00Z
SALE-0389,PROD-007,1,15.99,15.99,2026-05-16,in_store,2026-05-16T14:44:00Z
SALE-0390,PROD-003,4,47.96,11.99,2026-05-17,online,2026-05-17T18:24:00Z
SALE-0391,PROD-011,1,2.49,2.49,2026-05-17,in_store,2026-05-17T19:59:00Z
SALE-0392,PROD-003,4,47.96,11.99,2026-05-17,in_store,2026-05-17T11:20:00Z
SALE-0393,PROD-011,5,11.2,2.24,2026-05-17,in_store,2026-05-17T09:31:00Z
SALE-0394,PROD-003,2,23.98,11.99,2026-05-17,wholesale,2026-05-17T17:41:00Z
SALE-0395,PROD-012,3,9.87,3.29,2026-05-17,in_store,2026-05-17T16:31:00Z
SALE-0396,PROD-003,1,11.99,11.99,2026-05-17,online,2026-05-17T12:18:00Z
SALE-0397,PROD-001,2,9.98,4.99,2026-05-17,in_store,2026-05-17T16:36:00Z
SALE-0398,PROD-019,3,16.47,5.49,2026-05-18,in_store,2026-05-18T10:17:00Z
SALE-0399,PROD-020,4,27.96,6.99,2026-05-18,in_store,2026-05-18T09:48:00Z
SALE-0400,PROD-018,3,26.97,8.99,2026-05-18,wholesale,2026-05-18T10:47:00Z
SALE-0401,PROD-016,2,8.98,4.49,2026-05-19,wholesale,2026-05-19T16:16:00Z
SALE-0402,PROD-008,1,13.99,13.99,2026-05-19,wholesale,2026-05-19T12:13:00Z
SALE-0403,PROD-020,5,34.95,6.99,2026-05-19,online,2026-05-19T18:40:00Z
SALE-0404,PROD-011,1,2.49,2.49,2026-05-19,online,2026-05-19T12:51:00Z
SALE-0405,PROD-001,5,24.95,4.99,2026-05-19,in_store,2026-05-19T17:10:00Z
SALE-0406,PROD-008,2,27.98,13.99,2026-05-19,in_store,2026-05-19T17:57:00Z
SALE-0407,PROD-016,1,4.49,4.49,2026-05-19,online,2026-05-19T15:58:00Z
SALE-0408,PROD-001,2,9.98,4.99,2026-05-19,in_store,2026-05-19T11:15:00Z
SALE-0409,PROD-003,2,23.98,11.99,2026-05-19,online,2026-05-19T19:25:00Z
SALE-0410,PROD-012,1,3.29,3.29,2026-05-19,in_store,2026-05-19T15:24:00Z
SALE-0411,PROD-011,1,2.49,2.49,2026-05-19,online,2026-05-19T10:25:00Z
SALE-0412,PROD-012,2,6.58,3.29,2026-05-20,online,2026-05-20T16:31:00Z
SALE-0413,PROD-008,5,62.95,12.59,2026-05-20,online,2026-05-20T20:05:00Z
SALE-0414,PROD-019,3,16.47,5.49,2026-05-20,online,2026-05-20T10:50:00Z
SALE-0415,PROD-012,3,9.87,3.29,2026-05-20,in_store,2026-05-20T12:31:00Z
SALE-0416,PROD-006,2,17.98,8.99,2026-05-20,in_store,2026-05-20T18:08:00Z
SALE-0417,PROD-014,3,29.97,9.99,2026-05-20,online,2026-05-20T09:02:00Z
SALE-0418,PROD-002,3,80.97,26.99,2026-05-20,wholesale,2026-05-20T11:28:00Z
SALE-0419,PROD-011,1,2.49,2.49,2026-05-20,in_store,2026-05-20T20:58:00Z
SALE-0420,PROD-003,2,23.98,11.99,2026-05-20,wholesale,2026-05-20T13:05:00Z
SALE-0421,PROD-016,2,8.98,4.49,2026-05-21,in_store,2026-05-21T19:10:00Z
SALE-0422,PROD-001,3,14.97,4.99,2026-05-21,online,2026-05-21T12:27:00Z
SALE-0423,PROD-016,1,4.49,4.49,2026-05-21,in_store,2026-05-21T16:04:00Z
SALE-0424,PROD-003,5,59.95,11.99,2026-05-21,online,2026-05-21T09:00:00Z
SALE-0425,PROD-017,2,11.98,5.99,2026-05-21,wholesale,2026-05-21T15:44:00Z
SALE-0426,PROD-003,3,32.37,10.79,2026-05-21,in_store,2026-05-21T20:51:00Z
SALE-0427,PROD-002,1,29.99,29.99,2026-05-21,online,2026-05-21T11:24:00Z
SALE-0428,PROD-020,1,6.99,6.99,2026-05-21,online,2026-05-21T10:33:00Z
SALE-0429,PROD-014,1,9.99,9.99,2026-05-21,in_store,2026-05-21T14:46:00Z
SALE-0430,PROD-004,1,19.99,19.99,2026-05-22,online,2026-05-22T16:55:00Z
SALE-0431,PROD-004,1,19.99,19.99,2026-05-22,in_store,2026-05-22T10:37:00Z
SALE-0432,PROD-019,3,16.47,5.49,2026-05-22,in_store,2026-05-22T11:15:00Z
SALE-0433,PROD-006,1,8.99,8.99,2026-05-22,online,2026-05-22T20:38:00Z
SALE-0434,PROD-006,1,8.99,8.99,2026-05-22,online,2026-05-22T13:13:00Z
SALE-0435,PROD-012,5,16.45,3.29,2026-05-22,online,2026-05-22T13:41:00Z
SALE-0436,PROD-001,2,9.98,4.99,2026-05-22,in_store,2026-05-22T16:40:00Z
SALE-0437,PROD-015,1,3.99,3.99,2026-05-22,wholesale,2026-05-22T14:59:00Z
SALE-0438,PROD-007,1,15.99,15.99,2026-05-22,online,2026-05-22T15:23:00Z
SALE-0439,PROD-013,1,7.49,7.49,2026-05-22,wholesale,2026-05-22T10:01:00Z
SALE-0440,PROD-015,1,3.59,3.59,2026-05-22,in_store,2026-05-22T09:50:00Z
SALE-0441,PROD-010,4,27.96,6.99,2026-05-23,online,2026-05-23T15:27:00Z
SALE-0442,PROD-017,3,16.17,5.39,2026-05-23,in_store,2026-05-23T18:09:00Z
SALE-0443,PROD-006,1,8.99,8.99,2026-05-23,in_store,2026-05-23T12:51:00Z
SALE-0444,PROD-003,4,47.96,11.99,2026-05-23,online,2026-05-23T19:43:00Z
SALE-0445,PROD-016,1,4.49,4.49,2026-05-23,in_store,2026-05-23T12:03:00Z
SALE-0446,PROD-005,1,24.99,24.99,2026-05-23,in_store,2026-05-23T18:38:00Z
SALE-0447,PROD-001,2,9.98,4.99,2026-05-23,online,2026-05-23T11:07:00Z
SALE-0448,PROD-001,1,4.99,4.99,2026-05-23,in_store,2026-05-23T14:33:00Z
SALE-0449,PROD-012,2,6.58,3.29,2026-05-23,in_store,2026-05-23T13:46:00Z
SALE-0450,PROD-003,1,11.99,11.99,2026-05-23,in_store,2026-05-23T17:04:00Z
SALE-0451,PROD-006,5,44.95,8.99,2026-05-23,in_store,2026-05-23T17:23:00Z
SALE-0452,PROD-001,3,14.97,4.99,2026-05-23,in_store,2026-05-23T11:16:00Z
SALE-0453,PROD-019,1,5.49,5.49,2026-05-24,online,2026-05-24T10:14:00Z
SALE-0454,PROD-019,4,19.76,4.94,2026-05-24,online,2026-05-24T09:15:00Z
SALE-0455,PROD-001,3,14.97,4.99,2026-05-24,wholesale,2026-05-24T11:59:00Z
SALE-0456,PROD-001,4,19.96,4.99,2026-05-24,online,2026-05-24T19:26:00Z
SALE-0457,PROD-005,2,49.98,24.99,2026-05-24,wholesale,2026-05-24T14:17:00Z
SALE-0458,PROD-002,5,149.95,29.99,2026-05-24,in_store,2026-05-24T09:11:00Z
SALE-0459,PROD-005,4,99.96,24.99,2026-05-24,wholesale,2026-05-24T10:56:00Z
SALE-0460,PROD-011,2,4.98,2.49,2026-05-24,in_store,2026-05-24T10:35:00Z
SALE-0461,PROD-011,1,2.49,2.49,2026-05-25,in_store,2026-05-25T13:47:00Z
SALE-0462,PROD-015,2,7.98,3.99,2026-05-25,online,2026-05-25T16:49:00Z
SALE-0463,PROD-020,2,13.98,6.99,2026-05-25,in_store,2026-05-25T12:09:00Z
SALE-0464,PROD-001,3,13.47,4.49,2026-05-25,in_store,2026-05-25T19:53:00Z
SALE-0465,PROD-017,1,5.99,5.99,2026-05-25,in_store,2026-05-25T19:24:00Z
SALE-0466,PROD-019,2,9.88,4.94,2026-05-25,in_store,2026-05-25T12:26:00Z
SALE-0467,PROD-012,1,3.29,3.29,2026-05-26,in_store,2026-05-26T13:05:00Z
SALE-0468,PROD-001,2,9.98,4.99,2026-05-26,in_store,2026-05-26T20:57:00Z
SALE-0469,PROD-009,3,37.47,12.49,2026-05-26,in_store,2026-05-26T10:32:00Z
SALE-0470,PROD-003,3,32.37,10.79,2026-05-26,online,2026-05-26T15:42:00Z
SALE-0471,PROD-003,2,23.98,11.99,2026-05-26,online,2026-05-26T15:44:00Z
SALE-0472,PROD-019,2,10.98,5.49,2026-05-26,in_store,2026-05-26T10:12:00Z
SALE-0473,PROD-003,5,53.95,10.79,2026-05-26,in_store,2026-05-26T16:29:00Z
SALE-0474,PROD-007,3,47.97,15.99,2026-05-26,in_store,2026-05-26T12:28:00Z
SALE-0475,PROD-007,3,47.97,15.99,2026-05-26,in_store,2026-05-26T11:51:00Z
SALE-0476,PROD-016,2,8.98,4.49,2026-05-27,online,2026-05-27T09:13:00Z
SALE-0477,PROD-008,1,12.59,12.59,2026-05-27,in_store,2026-05-27T14:25:00Z
SALE-0478,PROD-012,1,3.29,3.29,2026-05-27,in_store,2026-05-27T11:01:00Z
SALE-0479,PROD-010,3,20.97,6.99,2026-05-27,online,2026-05-27T10:29:00Z
SALE-0480,PROD-002,1,29.99,29.99,2026-05-27,in_store,2026-05-27T12:08:00Z
SALE-0481,PROD-004,3,59.97,19.99,2026-05-27,online,2026-05-27T19:05:00Z
SALE-0482,PROD-014,5,49.95,9.99,2026-05-27,online,2026-05-27T09:04:00Z
SALE-0483,PROD-004,3,59.97,19.99,2026-05-27,in_store,2026-05-27T14:07:00Z
SALE-0484,PROD-001,3,13.47,4.49,2026-05-27,wholesale,2026-05-27T15:52:00Z
SALE-0485,PROD-018,3,26.97,8.99,2026-05-27,in_store,2026-05-27T15:11:00Z
SALE-0486,PROD-009,2,24.98,12.49,2026-05-27,in_store,2026-05-27T16:56:00Z
SALE-0487,PROD-003,1,11.99,11.99,2026-05-27,online,2026-05-27T19:18:00Z
SALE-0488,PROD-012,3,9.87,3.29,2026-05-28,in_store,2026-05-28T10:17:00Z
SALE-0489,PROD-010,1,6.99,6.99,2026-05-28,online,2026-05-28T17:15:00Z
SALE-0490,PROD-015,4,15.96,3.99,2026-05-28,wholesale,2026-05-28T20:22:00Z
SALE-0491,PROD-012,4,13.16,3.29,2026-05-28,in_store,2026-05-28T18:32:00Z
SALE-0492,PROD-008,3,41.97,13.99,2026-05-28,in_store,2026-05-28T18:14:00Z
SALE-0493,PROD-001,2,8.98,4.49,2026-05-28,wholesale,2026-05-28T17:22:00Z
SALE-0494,PROD-019,5,27.45,5.49,2026-05-28,wholesale,2026-05-28T10:15:00Z
SALE-0495,PROD-016,2,8.98,4.49,2026-05-28,online,2026-05-28T20:03:00Z
SALE-0496,PROD-019,2,10.98,5.49,2026-05-28,wholesale,2026-05-28T15:22:00Z
SALE-0497,PROD-003,1,11.99,11.99,2026-05-28,in_store,2026-05-28T20:44:00Z
SALE-0498,PROD-009,5,56.2,11.24,2026-05-28,online,2026-05-28T18:36:00Z
SALE-0499,PROD-003,5,59.95,11.99,2026-05-29,online,2026-05-29T16:34:00Z
SALE-0500,PROD-007,1,15.99,15.99,2026-05-29,in_store,2026-05-29T12:38:00Z
SALE-0501,PROD-005,1,24.99,24.99,2026-05-29,in_store,2026-05-29T18:12:00Z
SALE-0502,PROD-020,1,6.99,6.99,2026-05-29,in_store,2026-05-29T14:03:00Z
SALE-0503,PROD-001,1,4.99,4.99,2026-05-30,wholesale,2026-05-30T10:54:00Z
SALE-0504,PROD-012,2,6.58,3.29,2026-05-30,in_store,2026-05-30T19:25:00Z
SALE-0505,PROD-015,1,3.99,3.99,2026-05-30,in_store,2026-05-30T11:46:00Z
SALE-0506,PROD-011,3,7.47,2.49,2026-05-30,in_store,2026-05-30T17:44:00Z
SALE-0507,PROD-015,2,7.98,3.99,2026-05-30,online,2026-05-30T11:24:00Z
SALE-0508,PROD-007,2,31.98,15.99,2026-05-30,online,2026-05-30T20:36:00Z
SALE-0509,PROD-010,5,31.45,6.29,2026-05-30,online,2026-05-30T18:14:00Z
SALE-0510,PROD-016,5,20.2,4.04,2026-05-30,in_store,2026-05-30T14:47:00Z
SALE-0511,PROD-002,2,59.98,29.99,2026-05-30,in_store,2026-05-30T19:56:00Z
SALE-0512,PROD-002,2,59.98,29.99,2026-05-30,in_store,2026-05-30T12:44:00Z
SALE-0513,PROD-001,2,9.98,4.99,2026-05-30,in_store,2026-05-30T09:03:00Z
SALE-0514,PROD-010,3,20.97,6.99,2026-05-30,wholesale,2026-05-30T15:31:00Z
SALE-0515,PROD-010,2,13.98,6.99,2026-05-30,in_store,2026-05-30T16:50:00Z
SALE-0516,PROD-014,2,19.98,9.99,2026-05-31,in_store,2026-05-31T09:18:00Z
SALE-0517,PROD-001,2,9.98,4.99,2026-05-31,in_store,2026-05-31T14:10:00Z
SALE-0518,PROD-010,1,6.99,6.99,2026-05-31,in_store,2026-05-31T10:21:00Z
SALE-0519,PROD-015,5,19.95,3.99,2026-06-01,online,2026-06-01T15:41:00Z
SALE-0520,PROD-003,5,59.95,11.99,2026-06-01,in_store,2026-06-01T10:21:00Z
SALE-0521,PROD-004,2,39.98,19.99,2026-06-01,online,2026-06-01T20:34:00Z
SALE-0522,PROD-006,2,17.98,8.99,2026-06-01,in_store,2026-06-01T15:36:00Z
SALE-0523,PROD-013,3,22.47,7.49,2026-06-01,in_store,2026-06-01T15:05:00Z
SALE-0524,PROD-006,5,44.95,8.99,2026-06-01,in_store,2026-06-01T12:10:00Z
SALE-0525,PROD-016,2,8.98,4.49,2026-06-01,in_store,2026-06-01T10:19:00Z
SALE-0526,PROD-020,3,20.97,6.99,2026-06-01,online,2026-06-01T13:05:00Z
SALE-0527,PROD-016,4,17.96,4.49,2026-06-01,in_store,2026-06-01T15:23:00Z
SALE-0528,PROD-004,3,53.97,17.99,2026-06-02,in_store,2026-06-02T13:14:00Z
SALE-0529,PROD-006,5,40.45,8.09,2026-06-02,online,2026-06-02T19:06:00Z
SALE-0530,PROD-002,2,59.98,29.99,2026-06-02,in_store,2026-06-02T18:14:00Z
SALE-0531,PROD-013,1,7.49,7.49,2026-06-02,online,2026-06-02T15:34:00Z
SALE-0532,PROD-016,3,13.47,4.49,2026-06-02,in_store,2026-06-02T13:05:00Z
SALE-0533,PROD-010,1,6.99,6.99,2026-06-02,wholesale,2026-06-02T18:43:00Z
SALE-0534,PROD-015,1,3.99,3.99,2026-06-02,online,2026-06-02T11:10:00Z
SALE-0535,PROD-004,2,39.98,19.99,2026-06-03,in_store,2026-06-03T19:27:00Z
SALE-0536,PROD-004,1,19.99,19.99,2026-06-03,in_store,2026-06-03T20:58:00Z
SALE-0537,PROD-020,1,6.29,6.29,2026-06-03,online,2026-06-03T17:20:00Z
SALE-0538,PROD-006,4,35.96,8.99,2026-06-03,online,2026-06-03T20:39:00Z
SALE-0539,PROD-015,4,15.96,3.99,2026-06-03,in_store,2026-06-03T11:09:00Z
SALE-0540,PROD-014,5,49.95,9.99,2026-06-03,wholesale,2026-06-03T10:59:00Z
SALE-0541,PROD-002,5,149.95,29.99,2026-06-03,online,2026-06-03T17:56:00Z
SALE-0542,PROD-008,3,41.97,13.99,2026-06-04,online,2026-06-04T18:38:00Z
SALE-0543,PROD-011,1,2.49,2.49,2026-06-04,in_store,2026-06-04T18:38:00Z
SALE-0544,PROD-016,3,12.12,4.04,2026-06-04,online,2026-06-04T14:44:00Z
SALE-0545,PROD-005,1,24.99,24.99,2026-06-04,wholesale,2026-06-04T14:01:00Z
SALE-0546,PROD-008,2,27.98,13.99,2026-06-04,online,2026-06-04T20:43:00Z
SALE-0547,PROD-002,2,59.98,29.99,2026-06-04,wholesale,2026-06-04T16:49:00Z
SALE-0548,PROD-008,2,27.98,13.99,2026-06-05,online,2026-06-05T10:12:00Z
SALE-0549,PROD-011,2,4.98,2.49,2026-06-05,in_store,2026-06-05T16:48:00Z
SALE-0550,PROD-012,2,6.58,3.29,2026-06-05,in_store,2026-06-05T11:04:00Z
SALE-0551,PROD-007,4,63.96,15.99,2026-06-05,online,2026-06-05T17:56:00Z
SALE-0552,PROD-014,1,9.99,9.99,2026-06-05,online,2026-06-05T12:53:00Z
SALE-0553,PROD-001,2,8.98,4.49,2026-06-05,in_store,2026-06-05T14:45:00Z
SALE-0554,PROD-004,2,39.98,19.99,2026-06-05,in_store,2026-06-05T15:40:00Z
SALE-0555,PROD-003,1,11.99,11.99,2026-06-05,in_store,2026-06-05T16:11:00Z
SALE-0556,PROD-011,5,12.45,2.49,2026-06-05,in_store,2026-06-05T13:47:00Z
SALE-0557,PROD-017,1,5.99,5.99,2026-06-05,in_store,2026-06-05T11:54:00Z
SALE-0558,PROD-014,2,19.98,9.99,2026-06-06,online,2026-06-06T19:13:00Z
SALE-0559,PROD-006,3,26.97,8.99,2026-06-06,online,2026-06-06T19:00:00Z
SALE-0560,PROD-011,1,2.49,2.49,2026-06-06,online,2026-06-06T09:14:00Z
SALE-0561,PROD-006,5,44.95,8.99,2026-06-06,in_store,2026-06-06T20:41:00Z
SALE-0562,PROD-006,3,26.97,8.99,2026-06-06,online,2026-06-06T16:16:00Z
SALE-0563,PROD-004,3,59.97,19.99,2026-06-06,in_store,2026-06-06T18:25:00Z
SALE-0564,PROD-014,1,8.99,8.99,2026-06-06,wholesale,2026-06-06T14:35:00Z
SALE-0565,PROD-016,5,22.45,4.49,2026-06-06,in_store,2026-06-06T10:30:00Z
SALE-0566,PROD-001,2,9.98,4.99,2026-06-06,online,2026-06-06T13:16:00Z
SALE-0567,PROD-016,2,8.98,4.49,2026-06-06,in_store,2026-06-06T12:57:00Z
SALE-0568,PROD-001,5,24.95,4.99,2026-06-06,in_store,2026-06-06T11:46:00Z
SALE-0569,PROD-001,3,14.97,4.99,2026-06-07,in_store,2026-06-07T15:25:00Z
SALE-0570,PROD-010,1,6.99,6.99,2026-06-07,wholesale,2026-06-07T12:21:00Z
SALE-0571,PROD-018,2,17.98,8.99,2026-06-07,online,2026-06-07T16:58:00Z
SALE-0572,PROD-016,2,8.98,4.49,2026-06-07,online,2026-06-07T19:56:00Z
SALE-0573,PROD-013,1,7.49,7.49,2026-06-07,in_store,2026-06-07T20:16:00Z
SALE-0574,PROD-018,4,35.96,8.99,2026-06-07,in_store,2026-06-07T19:57:00Z
SALE-0575,PROD-008,1,13.99,13.99,2026-06-07,in_store,2026-06-07T13:26:00Z
SALE-0576,PROD-020,2,13.98,6.99,2026-06-07,online,2026-06-07T16:54:00Z
SALE-0577,PROD-003,3,32.37,10.79,2026-06-07,online,2026-06-07T18:39:00Z
SALE-0578,PROD-002,3,89.97,29.99,2026-06-07,in_store,2026-06-07T19:24:00Z
SALE-0579,PROD-012,2,6.58,3.29,2026-06-07,online,2026-06-07T11:08:00Z
SALE-0580,PROD-004,2,39.98,19.99,2026-06-07,online,2026-06-07T16:09:00Z
SALE-0581,PROD-007,1,15.99,15.99,2026-06-08,in_store,2026-06-08T19:11:00Z
SALE-0582,PROD-007,1,14.39,14.39,2026-06-08,in_store,2026-06-08T11:36:00Z
SALE-0583,PROD-019,1,5.49,5.49,2026-06-08,online,2026-06-08T10:08:00Z
SALE-0584,PROD-015,3,11.97,3.99,2026-06-08,in_store,2026-06-08T16:24:00Z
SALE-0585,PROD-001,1,4.99,4.99,2026-06-08,online,2026-06-08T09:57:00Z
SALE-0586,PROD-008,4,55.96,13.99,2026-06-08,online,2026-06-08T19:46:00Z
SALE-0587,PROD-005,2,49.98,24.99,2026-06-08,in_store,2026-06-08T11:06:00Z
SALE-0588,PROD-010,4,27.96,6.99,2026-06-09,in_store,2026-06-09T09:19:00Z
SALE-0589,PROD-006,3,26.97,8.99,2026-06-09,online,2026-06-09T14:27:00Z
SALE-0590,PROD-016,1,4.49,4.49,2026-06-09,wholesale,2026-06-09T14:48:00Z
SALE-0591,PROD-004,1,19.99,19.99,2026-06-09,wholesale,2026-06-09T15:01:00Z
SALE-0592,PROD-005,2,49.98,24.99,2026-06-09,in_store,2026-06-09T20:01:00Z
SALE-0593,PROD-015,4,15.96,3.99,2026-06-09,in_store,2026-06-09T19:50:00Z
SALE-0594,PROD-001,3,14.97,4.99,2026-06-09,in_store,2026-06-09T17:39:00Z
SALE-0595,PROD-001,5,24.95,4.99,2026-06-09,online,2026-06-09T19:53:00Z
SALE-0596,PROD-001,1,4.99,4.99,2026-06-09,in_store,2026-06-09T15:07:00Z
SALE-0597,PROD-013,2,14.98,7.49,2026-06-10,in_store,2026-06-10T20:43:00Z
SALE-0598,PROD-015,1,3.99,3.99,2026-06-10,online,2026-06-10T19:33:00Z
SALE-0599,PROD-006,5,44.95,8.99,2026-06-10,in_store,2026-06-10T10:32:00Z
SALE-0600,PROD-018,5,40.45,8.09,2026-06-10,in_store,2026-06-10T10:31:00Z
SALE-0601,PROD-004,5,99.95,19.99,2026-06-10,in_store,2026-06-10T17:12:00Z
SALE-0602,PROD-009,3,37.47,12.49,2026-06-10,in_store,2026-06-10T16:58:00Z
SALE-0603,PROD-004,3,59.97,19.99,2026-06-11,in_store,2026-06-11T19:05:00Z
SALE-0604,PROD-002,5,149.95,29.99,2026-06-11,in_store,2026-06-11T10:49:00Z
SALE-0605,PROD-012,1,3.29,3.29,2026-06-11,in_store,2026-06-11T13:41:00Z
SALE-0606,PROD-005,3,74.97,24.99,2026-06-11,in_store,2026-06-11T16:03:00Z
SALE-0607,PROD-002,1,29.99,29.99,2026-06-11,online,2026-06-11T14:51:00Z
SALE-0608,PROD-016,2,8.98,4.49,2026-06-11,in_store,2026-06-11T09:00:00Z
SALE-0609,PROD-003,1,11.99,11.99,2026-06-11,online,2026-06-11T18:17:00Z
SALE-0610,PROD-019,1,5.49,5.49,2026-06-11,in_store,2026-06-11T10:25:00Z
SALE-0611,PROD-010,3,20.97,6.99,2026-06-11,in_store,2026-06-11T16:51:00Z
SALE-0612,PROD-011,1,2.24,2.24,2026-06-11,online,2026-06-11T09:54:00Z
SALE-0613,PROD-003,1,11.99,11.99,2026-06-12,online,2026-06-12T18:43:00Z
SALE-0614,PROD-011,1,2.49,2.49,2026-06-12,online,2026-06-12T18:01:00Z
SALE-0615,PROD-016,1,4.49,4.49,2026-06-12,in_store,2026-06-12T15:28:00Z
SALE-0616,PROD-001,1,4.99,4.99,2026-06-12,in_store,2026-06-12T20:55:00Z
SALE-0617,PROD-016,4,17.96,4.49,2026-06-12,online,2026-06-12T18:14:00Z
SALE-0618,PROD-016,2,8.98,4.49,2026-06-13,online,2026-06-13T18:06:00Z
SALE-0619,PROD-011,2,4.98,2.49,2026-06-13,online,2026-06-13T19:24:00Z
SALE-0620,PROD-003,4,47.96,11.99,2026-06-13,online,2026-06-13T09:41:00Z
SALE-0621,PROD-003,4,47.96,11.99,2026-06-13,online,2026-06-13T11:04:00Z
SALE-0622,PROD-019,3,16.47,5.49,2026-06-13,in_store,2026-06-13T13:03:00Z
SALE-0623,PROD-012,2,6.58,3.29,2026-06-13,in_store,2026-06-13T12:05:00Z
SALE-0624,PROD-011,3,7.47,2.49,2026-06-13,in_store,2026-06-13T16:28:00Z
SALE-0625,PROD-007,1,15.99,15.99,2026-06-13,online,2026-06-13T09:06:00Z
SALE-0626,PROD-010,3,18.87,6.29,2026-06-13,in_store,2026-06-13T10:50:00Z
SALE-0627,PROD-015,5,19.95,3.99,2026-06-14,online,2026-06-14T17:13:00Z
SALE-0628,PROD-016,3,13.47,4.49,2026-06-14,in_store,2026-06-14T09:52:00Z
SALE-0629,PROD-005,3,74.97,24.99,2026-06-14,online,2026-06-14T18:30:00Z
SALE-0630,PROD-017,2,11.98,5.99,2026-06-14,in_store,2026-06-14T19:14:00Z
SALE-0631,PROD-001,2,9.98,4.99,2026-06-14,online,2026-06-14T13:35:00Z
SALE-0632,PROD-012,2,6.58,3.29,2026-06-14,in_store,2026-06-14T11:31:00Z
SALE-0633,PROD-003,3,32.37,10.79,2026-06-14,online,2026-06-14T12:07:00Z
SALE-0634,PROD-010,2,13.98,6.99,2026-06-14,online,2026-06-14T20:21:00Z
SALE-0635,PROD-002,3,80.97,26.99,2026-06-15,online,2026-06-15T19:37:00Z
SALE-0636,PROD-003,3,35.97,11.99,2026-06-15,online,2026-06-15T17:08:00Z
SALE-0637,PROD-012,1,3.29,3.29,2026-06-15,in_store,2026-06-15T15:53:00Z
SALE-0638,PROD-014,3,29.97,9.99,2026-06-15,online,2026-06-15T11:44:00Z
SALE-0639,PROD-014,1,9.99,9.99,2026-06-15,in_store,2026-06-15T15:42:00Z
SALE-0640,PROD-015,5,19.95,3.99,2026-06-15,in_store,2026-06-15T15:26:00Z
SALE-0641,PROD-015,2,7.98,3.99,2026-06-16,wholesale,2026-06-16T13:28:00Z
SALE-0642,PROD-020,1,6.99,6.99,2026-06-16,online,2026-06-16T20:32:00Z
SALE-0643,PROD-007,4,63.96,15.99,2026-06-16,online,2026-06-16T17:40:00Z
SALE-0644,PROD-004,2,39.98,19.99,2026-06-16,online,2026-06-16T19:22:00Z
SALE-0645,PROD-016,1,4.49,4.49,2026-06-16,online,2026-06-16T11:32:00Z
SALE-0646,PROD-013,2,14.98,7.49,2026-06-16,online,2026-06-16T17:30:00Z
SALE-0647,PROD-014,5,49.95,9.99,2026-06-16,online,2026-06-16T19:47:00Z
SALE-0648,PROD-012,2,6.58,3.29,2026-06-17,in_store,2026-06-17T09:33:00Z
SALE-0649,PROD-002,1,29.99,29.99,2026-06-17,in_store,2026-06-17T09:12:00Z
SALE-0650,PROD-006,1,8.99,8.99,2026-06-17,online,2026-06-17T11:53:00Z
SALE-0651,PROD-001,2,9.98,4.99,2026-06-17,in_store,2026-06-17T14:52:00Z
SALE-0652,PROD-011,1,2.49,2.49,2026-06-17,online,2026-06-17T17:55:00Z
SALE-0653,PROD-005,4,99.96,24.99,2026-06-17,in_store,2026-06-17T20:18:00Z
SALE-0654,PROD-017,1,5.99,5.99,2026-06-18,in_store,2026-06-18T19:20:00Z
SALE-0655,PROD-013,1,6.74,6.74,2026-06-18,in_store,2026-06-18T18:55:00Z
SALE-0656,PROD-020,3,20.97,6.99,2026-06-18,wholesale,2026-06-18T20:45:00Z
SALE-0657,PROD-016,2,8.98,4.49,2026-06-18,in_store,2026-06-18T18:12:00Z
SALE-0658,PROD-020,2,13.98,6.99,2026-06-18,in_store,2026-06-18T19:04:00Z
SALE-0659,PROD-004,1,19.99,19.99,2026-06-18,in_store,2026-06-18T09:27:00Z
SALE-0660,PROD-006,4,35.96,8.99,2026-06-18,in_store,2026-06-18T13:00:00Z
SALE-0661,PROD-008,3,41.97,13.99,2026-06-19,in_store,2026-06-19T11:59:00Z
SALE-0662,PROD-008,5,62.95,12.59,2026-06-19,wholesale,2026-06-19T18:53:00Z
SALE-0663,PROD-016,2,8.98,4.49,2026-06-19,online,2026-06-19T14:04:00Z
SALE-0664,PROD-020,2,13.98,6.99,2026-06-19,wholesale,2026-06-19T17:04:00Z
SALE-0665,PROD-020,4,27.96,6.99,2026-06-19,in_store,2026-06-19T15:05:00Z
SALE-0666,PROD-008,2,27.98,13.99,2026-06-19,online,2026-06-19T14:23:00Z
SALE-0667,PROD-006,2,17.98,8.99,2026-06-19,online,2026-06-19T16:35:00Z
SALE-0668,PROD-019,1,4.94,4.94,2026-06-20,in_store,2026-06-20T12:57:00Z
SALE-0669,PROD-016,5,22.45,4.49,2026-06-20,in_store,2026-06-20T09:43:00Z
SALE-0670,PROD-008,3,41.97,13.99,2026-06-20,wholesale,2026-06-20T15:16:00Z
SALE-0671,PROD-013,2,13.48,6.74,2026-06-20,in_store,2026-06-20T14:32:00Z
SALE-0672,PROD-020,4,27.96,6.99,2026-06-20,in_store,2026-06-20T19:12:00Z
SALE-0673,PROD-008,4,50.36,12.59,2026-06-20,in_store,2026-06-20T17:34:00Z
SALE-0674,PROD-001,1,4.99,4.99,2026-06-20,online,2026-06-20T12:55:00Z
SALE-0675,PROD-016,3,13.47,4.49,2026-06-20,in_store,2026-06-20T20:56:00Z
SALE-0676,PROD-019,3,16.47,5.49,2026-06-20,wholesale,2026-06-20T20:43:00Z
SALE-0677,PROD-003,1,11.99,11.99,2026-06-21,in_store,2026-06-21T10:04:00Z
SALE-0678,PROD-001,1,4.99,4.99,2026-06-21,online,2026-06-21T18:52:00Z
SALE-0679,PROD-005,2,49.98,24.99,2026-06-21,in_store,2026-06-21T15:27:00Z
SALE-0680,PROD-007,1,15.99,15.99,2026-06-21,in_store,2026-06-21T09:41:00Z
SALE-0681,PROD-018,5,40.45,8.09,2026-06-21,online,2026-06-21T09:44:00Z
SALE-0682,PROD-002,2,59.98,29.99,2026-06-21,in_store,2026-06-21T19:19:00Z
SALE-0683,PROD-015,1,3.99,3.99,2026-06-21,wholesale,2026-06-21T15:25:00Z
SALE-0684,PROD-016,1,4.49,4.49,2026-06-21,in_store,2026-06-21T11:47:00Z
SALE-0685,PROD-010,4,27.96,6.99,2026-06-21,online,2026-06-21T13:43:00Z
SALE-0686,PROD-020,2,13.98,6.99,2026-06-21,in_store,2026-06-21T17:09:00Z
SALE-0687,PROD-003,1,10.79,10.79,2026-06-21,online,2026-06-21T17:35:00Z
SALE-0688,PROD-002,2,59.98,29.99,2026-06-21,online,2026-06-21T20:22:00Z
SALE-0689,PROD-004,3,59.97,19.99,2026-06-22,online,2026-06-22T11:10:00Z
SALE-0690,PROD-004,2,39.98,19.99,2026-06-22,in_store,2026-06-22T10:11:00Z
SALE-0691,PROD-016,5,22.45,4.49,2026-06-22,online,2026-06-22T17:29:00Z
SALE-0692,PROD-016,4,16.16,4.04,2026-06-22,online,2026-06-22T13:06:00Z
SALE-0693,PROD-004,5,99.95,19.99,2026-06-22,in_store,2026-06-22T11:42:00Z
SALE-0694,PROD-016,2,8.08,4.04,2026-06-22,online,2026-06-22T12:20:00Z
SALE-0695,PROD-012,3,9.87,3.29,2026-06-22,online,2026-06-22T20:37:00Z
SALE-0696,PROD-003,5,59.95,11.99,2026-06-22,online,2026-06-22T15:10:00Z
SALE-0697,PROD-001,2,9.98,4.99,2026-06-22,in_store,2026-06-22T20:41:00Z
SALE-0698,PROD-011,2,4.98,2.49,2026-06-22,in_store,2026-06-22T20:21:00Z
SALE-0699,PROD-012,3,9.87,3.29,2026-06-22,online,2026-06-22T16:35:00Z
SALE-0700,PROD-002,1,29.99,29.99,2026-06-22,in_store,2026-06-22T13:54:00Z
SALE-0701,PROD-003,4,47.96,11.99,2026-06-22,online,2026-06-22T19:04:00Z
SALE-0702,PROD-019,1,5.49,5.49,2026-06-22,online,2026-06-22T19:01:00Z
SALE-0703,PROD-014,5,49.95,9.99,2026-06-22,online,2026-06-22T09:35:00Z
SALE-0704,PROD-006,4,35.96,8.99,2026-06-23,in_store,2026-06-23T19:49:00Z
SALE-0705,PROD-003,2,23.98,11.99,2026-06-23,online,2026-06-23T18:46:00Z
SALE-0706,PROD-006,1,8.99,8.99,2026-06-23,in_store,2026-06-23T15:23:00Z
SALE-0707,PROD-012,1,3.29,3.29,2026-06-23,online,2026-06-23T18:43:00Z
SALE-0708,PROD-003,4,47.96,11.99,2026-06-23,in_store,2026-06-23T18:36:00Z
SALE-0709,PROD-016,1,4.49,4.49,2026-06-23,in_store,2026-06-23T14:02:00Z
SALE-0710,PROD-005,3,74.97,24.99,2026-06-23,in_store,2026-06-23T12:02:00Z
SALE-0711,PROD-016,2,8.98,4.49,2026-06-23,online,2026-06-23T15:30:00Z
SALE-0712,PROD-011,1,2.24,2.24,2026-06-24,online,2026-06-24T10:45:00Z
SALE-0713,PROD-012,2,6.58,3.29,2026-06-24,in_store,2026-06-24T17:36:00Z
SALE-0714,PROD-003,3,35.97,11.99,2026-06-24,in_store,2026-06-24T19:57:00Z
SALE-0715,PROD-002,4,119.96,29.99,2026-06-24,wholesale,2026-06-24T12:33:00Z
SALE-0716,PROD-010,2,13.98,6.99,2026-06-24,in_store,2026-06-24T16:56:00Z
SALE-0717,PROD-015,1,3.99,3.99,2026-06-24,in_store,2026-06-24T11:14:00Z
SALE-0718,PROD-002,4,119.96,29.99,2026-06-24,in_store,2026-06-24T11:10:00Z
SALE-0719,PROD-009,5,62.45,12.49,2026-06-25,in_store,2026-06-25T12:26:00Z
SALE-0720,PROD-020,2,13.98,6.99,2026-06-25,in_store,2026-06-25T16:30:00Z
SALE-0721,PROD-004,5,99.95,19.99,2026-06-25,online,2026-06-25T09:15:00Z
SALE-0722,PROD-001,1,4.99,4.99,2026-06-25,in_store,2026-06-25T19:32:00Z
SALE-0723,PROD-001,5,24.95,4.99,2026-06-25,in_store,2026-06-25T11:33:00Z
SALE-0724,PROD-010,5,34.95,6.99,2026-06-25,online,2026-06-25T20:46:00Z
SALE-0725,PROD-016,2,8.98,4.49,2026-06-25,in_store,2026-06-25T18:30:00Z
SALE-0726,PROD-012,1,3.29,3.29,2026-06-26,in_store,2026-06-26T11:50:00Z
SALE-0727,PROD-014,1,9.99,9.99,2026-06-26,in_store,2026-06-26T11:46:00Z
SALE-0728,PROD-016,2,8.98,4.49,2026-06-26,online,2026-06-26T10:14:00Z
SALE-0729,PROD-010,3,20.97,6.99,2026-06-26,in_store,2026-06-26T17:55:00Z
SALE-0730,PROD-012,3,9.87,3.29,2026-06-26,online,2026-06-26T11:30:00Z
SALE-0731,PROD-015,5,17.95,3.59,2026-06-26,online,2026-06-26T17:48:00Z
SALE-0732,PROD-003,1,11.99,11.99,2026-06-26,in_store,2026-06-26T18:34:00Z
SALE-0733,PROD-001,3,14.97,4.99,2026-06-26,in_store,2026-06-26T09:44:00Z
SALE-0734,PROD-012,3,9.87,3.29,2026-06-26,online,2026-06-26T15:22:00Z
SALE-0735,PROD-015,5,17.95,3.59,2026-06-27,in_store,2026-06-27T16:49:00Z
SALE-0736,PROD-005,1,24.99,24.99,2026-06-27,online,2026-06-27T15:16:00Z
SALE-0737,PROD-004,1,19.99,19.99,2026-06-27,online,2026-06-27T18:33:00Z
SALE-0738,PROD-003,4,43.16,10.79,2026-06-27,online,2026-06-27T20:51:00Z
SALE-0739,PROD-007,3,47.97,15.99,2026-06-27,in_store,2026-06-27T19:37:00Z
SALE-0740,PROD-006,2,17.98,8.99,2026-06-27,in_store,2026-06-27T14:39:00Z
